<?xml version="1.0" encoding="UTF-8"?>
<project-private xmlns="http://www.netbeans.org/ns/project-private/1">
    <editor-bookmarks xmlns="http://www.netbeans.org/ns/editor-bookmarks/2" lastBookmarkId="0"/>
    <open-files xmlns="http://www.netbeans.org/ns/projectui-open-files/2">
        <group>
            <file>file:/C:/Users/PC/OneDrive/Máy%20tính/Java%20HieuTQ/Java%20Datnt%20Application/src/java/datnt/application/Stack.java</file>
            <file>file:/C:/Users/PC/OneDrive/Máy%20tính/Java%20HieuTQ/Java%20Datnt%20Application/src/inttreenode/ArrayExample.java</file>
            <file>file:/C:/Users/PC/OneDrive/Máy%20tính/Java%20HieuTQ/Java%20Datnt%20Application/src/java/datnt/application/Job.java</file>
            <file>file:/C:/Users/PC/OneDrive/Máy%20tính/Java%20HieuTQ/Java%20Datnt%20Application/src/java/datnt/application/QueueExample.java</file>
            <file>file:/C:/Users/PC/OneDrive/Máy%20tính/Java%20HieuTQ/Java%20Datnt%20Application/src/inttreenode/ReverseStringUsingStack.java</file>
        </group>
    </open-files>
</project-private>
