<?xml version="1.0" encoding="UTF-8"?>
<project-private xmlns="http://www.netbeans.org/ns/project-private/1">
    <editor-bookmarks xmlns="http://www.netbeans.org/ns/editor-bookmarks/2" lastBookmarkId="0"/>
    <open-files xmlns="http://www.netbeans.org/ns/projectui-open-files/2">
        <group>
            <file>file:/C:/Users/PC/OneDrive/Máy%20tính/Java%20HieuTQ/Array/src/ASM1/StudentLinkedList.java</file>
            <file>file:/C:/Users/PC/OneDrive/Máy%20tính/Java%20HieuTQ/Array/src/assm1/Manager.java</file>
            <file>file:/C:/Users/PC/OneDrive/Máy%20tính/Java%20HieuTQ/Array/src/assm1/Student.java</file>
            <file>file:/C:/Users/PC/OneDrive/Máy%20tính/Java%20HieuTQ/Array/src/ASM1/QuickSort.java</file>
            <file>file:/C:/Users/PC/OneDrive/Máy%20tính/Java%20HieuTQ/Array/src/ASM1/Student.java</file>
            <file>file:/C:/Users/PC/OneDrive/Máy%20tính/Java%20HieuTQ/Array/src/ASM1/Manager.java</file>
        </group>
    </open-files>
</project-private>
